{
    "boardName": "BW1098OBC",
    "boardRev": "R0M0E0",
    "cameraData": [
        [
            0,
            {
                "cameraType": 0,
                "distortionCoeff": [
                    2.0784969329833984,
                    -33.34458541870117,
                    0.0007293328526429832,
                    -0.0005520779523067176,
                    172.79798889160156,
                    1.7424308061599731,
                    -30.984619140625,
                    166.90390014648438,
                    0.0,
                    0.0,
                    0.0,
                    0.0,
                    0.0,
                    0.0
                ],
                "extrinsics": {
                    "rotationMatrix": [],
                    "specTranslation": {
                        "x": 0.0,
                        "y": 0.0,
                        "z": 0.0
                    },
                    "toCameraSocket": -1,
                    "translation": {
                        "x": 0.0,
                        "y": 0.0,
                        "z": 0.0
                    }
                },
                "height": 1080,
                "intrinsicMatrix": [
                    [
                        1460.6644287109375,
                        0.0,
                        959.00146484375
                    ],
                    [
                        0.0,
                        1458.81640625,
                        531.42138671875
                    ],
                    [
                        0.0,
                        0.0,
                        1.0
                    ]
                ],
                "lensPosition": 135,
                "specHfovDeg": 68.7938003540039,
                "width": 1920
            }
        ],
        [
            2,
            {
                "cameraType": 0,
                "distortionCoeff": [
                    10.010363578796387,
                    -18.30807113647461,
                    0.00017097257659770548,
                    -0.0002827266580425203,
                    211.20465087890625,
                    10.073223114013672,
                    -19.892099380493164,
                    214.75245666503906,
                    0.0,
                    0.0,
                    0.0,
                    0.0,
                    0.0,
                    0.0
                ],
                "extrinsics": {
                    "rotationMatrix": [
                        [
                            0.9999580979347229,
                            0.004886251874268055,
                            -0.007745699025690556
                        ],
                        [
                            -0.004901527892798185,
                            0.9999861121177673,
                            -0.0019543941598385572
                        ],
                        [
                            0.00773604167625308,
                            0.001992278266698122,
                            0.9999680519104004
                        ]
                    ],
                    "specTranslation": {
                        "x": 3.75,
                        "y": 0.0,
                        "z": 0.0
                    },
                    "toCameraSocket": 0,
                    "translation": {
                        "x": 3.6778411865234375,
                        "y": -0.020332952961325645,
                        "z": -0.08972050994634628
                    }
                },
                "height": 800,
                "intrinsicMatrix": [
                    [
                        853.6342163085938,
                        0.0,
                        636.4781494140625
                    ],
                    [
                        0.0,
                        853.8646240234375,
                        408.78961181640625
                    ],
                    [
                        0.0,
                        0.0,
                        1.0
                    ]
                ],
                "lensPosition": 0,
                "specHfovDeg": 71.86000061035156,
                "width": 1280
            }
        ],
        [
            1,
            {
                "cameraType": 0,
                "distortionCoeff": [
                    20.793167114257813,
                    -50.727500915527344,
                    0.0003436892875470221,
                    0.00036882871063426137,
                    308.1456298828125,
                    20.885591506958008,
                    -53.062870025634766,
                    313.92022705078125,
                    0.0,
                    0.0,
                    0.0,
                    0.0,
                    0.0,
                    0.0
                ],
                "extrinsics": {
                    "rotationMatrix": [
                        [
                            0.999877393245697,
                            -0.003816623007878661,
                            0.0151876425370574
                        ],
                        [
                            0.0037984729278832674,
                            0.9999920129776001,
                            0.001223734114319086
                        ],
                        [
                            -0.015192192047834396,
                            -0.00116589420940727,
                            0.9998838901519775
                        ]
                    ],
                    "specTranslation": {
                        "x": -7.5,
                        "y": 0.0,
                        "z": 0.0
                    },
                    "toCameraSocket": 2,
                    "translation": {
                        "x": -7.378519058227539,
                        "y": 0.06277830898761749,
                        "z": 0.047404833137989044
                    }
                },
                "height": 800,
                "intrinsicMatrix": [
                    [
                        853.8489990234375,
                        0.0,
                        634.9769287109375
                    ],
                    [
                        0.0,
                        853.8607788085938,
                        404.316162109375
                    ],
                    [
                        0.0,
                        0.0,
                        1.0
                    ]
                ],
                "lensPosition": 0,
                "specHfovDeg": 71.86000061035156,
                "width": 1280
            }
        ]
    ],
    "imuExtrinsics": {
        "rotationMatrix": [],
        "specTranslation": {
            "x": 0.0,
            "y": 0.0,
            "z": 0.0
        },
        "toCameraSocket": -1,
        "translation": {
            "x": 0.0,
            "y": 0.0,
            "z": 0.0
        }
    },
    "miscellaneousData": [],
    "stereoRectificationData": {
        "leftCameraSocket": 1,
        "rectifiedRotationLeft": [
            [
                0.9998858571052551,
                -0.01231661718338728,
                0.008752770721912384
            ],
            [
                0.012311049737036228,
                0.9999240040779114,
                0.0006897457642480731
            ],
            [
                -0.008760600350797176,
                -0.0005819112411700189,
                0.9999614357948303
            ]
        ],
        "rectifiedRotationRight": [
            [
                0.999943196773529,
                -0.00850776955485344,
                -0.006424343213438988
            ],
            [
                0.008503682911396027,
                0.999963641166687,
                -0.0006631716969422996
            ],
            [
                0.00642975140362978,
                0.0006085034692659974,
                0.9999791383743286
            ]
        ],
        "rightCameraSocket": 2
    },