{
	"class_name" : "PinholeCameraParameters",
	"extrinsic" : 
	[
		0.999995500003375,
		0.0,
		-0.0029999955000020251,
		0.0,
		0.0,
		-1.0,
		-0.0,
		0.0,
		-0.0029999955000020251,
		-0.0,
		-0.999995500003375,
		0.0,
		-0.46858788711658533,
		0.46999999999999997,
		1.756589582102694,
		1.0
	],
	"intrinsic" : 
	{
		"height" : 1080,
		"intrinsic_matrix" : 
		[
			935.30743608719376,
			0.0,
			0.0,
			0.0,
			935.30743608719376,
			0.0,
			959.5,
			539.5,
			1.0
		],
		"width" : 1920
	},
	"version_major" : 1,
	"version_minor" : 0
}