{
    "batchName": "",
    "batchTime": 0,
    "boardConf": "",
    "boardCustom": "",
    "boardName": "OAK-D-LITE",
    "boardOptions": 0,
    "boardRev": "R1M1E3",
    "cameraData": [
        [
            1,
            {
                "cameraType": 0,
                "distortionCoeff": [
                    -6.5321550369262695,
                    49.437355041503906,
                    -0.0013684795703738928,
                    0.0007621037075296044,
                    13.563394546508789,
                    -6.522557735443115,
                    49.25914764404297,
                    12.77444839477539,
                    0.0,
                    0.0,
                    0.0,
                    0.0,
                    0.0,
                    0.0
                ],
                "extrinsics": {
                    "rotationMatrix": [
                        [
                            0.9997723698616028,
                            0.015117146074771881,
                            -0.015054577961564064
                        ],
                        [
                            -0.015116218477487564,
                            0.9998857378959656,
                            0.00017542223213240504
                        ],
                        [
                            0.01505550928413868,
                            5.21859728905838e-05,
                            0.9998866319656372
                        ]
                    ],
                    "specTranslation": {
                        "x": -7.5,
                        "y": 0.0,
                        "z": 0.0
                    },
                    "toCameraSocket": 2,
                    "translation": {
                        "x": -7.491443634033203,
                        "y": 0.001460734405554831,
                        "z": -0.1509809046983719
                    }
                },
                "height": 480,
                "intrinsicMatrix": [
                    [
                        451.1069641113281,
                        0.0,
                        334.72601318359375
                    ],
                    [
                        0.0,
                        451.1069641113281,
                        232.9988250732422
                    ],
                    [
                        0.0,
                        0.0,
                        1.0
                    ]
                ],
                "lensPosition": 0,
                "specHfovDeg": 72.9000015258789,
                "width": 640
            }
        ],
        [
            2,
            {
                "cameraType": 0,
                "distortionCoeff": [
                    -9.334553718566895,
                    41.82705307006836,
                    -0.0003418122068978846,
                    8.409962174482644e-05,
                    -15.517290115356445,
                    -9.33700180053711,
                    41.828182220458984,
                    -15.764962196350098,
                    0.0,
                    0.0,
                    0.0,
                    0.0,
                    0.0,
                    0.0
                ],
                "extrinsics": {
                    "rotationMatrix": [
                        [
                            0.9999733567237854,
                            -0.00014446313434746116,
                            0.0072992234490811825
                        ],
                        [
                            0.0001775008422555402,
                            0.9999897480010986,
                            -0.004525750409811735
                        ],
                        [
                            -0.007298494689166546,
                            0.0045269257389009,
                            0.999963104724884
                        ]
                    ],
                    "specTranslation": {
                        "x": 3.75,
                        "y": 0.0,
                        "z": 0.0
                    },
                    "toCameraSocket": 0,
                    "translation": {
                        "x": 3.671410083770752,
                        "y": 0.04535962641239166,
                        "z": -0.29810068011283875
                    }
                },
                "height": 480,
                "intrinsicMatrix": [
                    [
                        450.6524963378906,
                        0.0,
                        323.31011962890625
                    ],
                    [
                        0.0,
                        450.6524963378906,
                        247.99681091308594
                    ],
                    [
                        0.0,
                        0.0,
                        1.0
                    ]
                ],
                "lensPosition": 0,
                "specHfovDeg": 72.9000015258789,
                "width": 640
            }
        ],
        [
            0,
            {
                "cameraType": 0,
                "distortionCoeff": [
                    69.58694458007813,
                    -96.98414611816406,
                    0.0004457171307876706,
                    -0.0006350461626425385,
                    609.3462524414063,
                    69.85643005371094,
                    -105.12776184082031,
                    620.0389404296875,
                    0.0,
                    0.0,
                    0.0,
                    0.0,
                    0.0,
                    0.0
                ],
                "extrinsics": {
                    "rotationMatrix": [
                        [
                            0.0,
                            0.0,
                            0.0
                        ],
                        [
                            0.0,
                            0.0,
                            0.0
                        ],
                        [
                            0.0,
                            0.0,
                            0.0
                        ]
                    ],
                    "specTranslation": {
                        "x": -0.0,
                        "y": -0.0,
                        "z": -0.0
                    },
                    "toCameraSocket": -1,
                    "translation": {
                        "x": 0.0,
                        "y": 0.0,
                        "z": 0.0
                    }
                },
                "height": 2160,
                "intrinsicMatrix": [
                    [
                        3046.090087890625,
                        0.0,
                        1990.6187744140625
                    ],
                    [
                        0.0,
                        3046.090087890625,
                        1117.03759765625
                    ],
                    [
                        0.0,
                        0.0,
                        1.0
                    ]
                ],
                "lensPosition": 63,
                "specHfovDeg": 68.7938003540039,
                "width": 3840
            }
        ]
    ],
    "hardwareConf": "",
    "imuExtrinsics": {
        "rotationMatrix": [
            [
                1.0,
                0.0,
                0.0
            ],
            [
                0.0,
                1.0,
                0.0
            ],
            [
                0.0,
                0.0,
                1.0
            ]
        ],
        "specTranslation": {
            "x": -0.6000000238418579,
            "y": -0.6438999772071838,
            "z": 0.0
        },
        "toCameraSocket": 1,
        "translation": {
            "x": -0.6000000238418579,
            "y": -0.6438999772071838,
            "z": 0.0
        }
    },
    "miscellaneousData": [],
    "productName": "",