{
    "width": 1280,
    "height": 720,
    "intrinsic_matrix": [
        847.8780837403085,
        0.0,
        0.0,
        0.0,
        851.7491856069706,
        0.0,
        632.7711824821666,
        386.89324754321626,
        1.0
    ]
}