{
    "width": 1280,
    "height": 720,
    "intrinsic_matrix": [
        853.0867850689657,
        0.0,
        0.0,
        0.0,
        856.4603387972477,
        0.0,
        634.4275352966259,
        359.5415141933974,
        1.0
    ]
}