{
    "width": 1280,
    "height": 720,
    "intrinsic_matrix": [
        847.7873804744394,
        0.0,
        0.0,
        0.0,
        850.8391817697275,
        0.0,
        626.0798531690663,
        366.06707489017407,
        1.0
    ]
}