{
    "width": 1280,
    "height": 720,
    "intrinsic_matrix": [
        850.8184233515228,
        0.0,
        0.0,
        0.0,
        849.3959287796056,
        0.0,
        664.6635829468148,
        362.8097663939913,
        1.0
    ]
}