{
    "width": 1280,
    "height": 720,
    "intrinsic_matrix": [
        851.6769727900819,
        0.0,
        0.0,
        0.0,
        855.5543054812988,
        0.0,
        628.0727097909214,
        354.5749419768785,
        1.0
    ]
}