{
    "batchName": "",
    "batchTime": 1670524286,
    "boardConf": "nIR-C00M00-01",
    "boardCustom": "",
    "boardName": "DD2090",
    "boardOptions": 3,
    "boardRev": "R3M1E3",
    "cameraData": [
        [
            2,
            {
                "cameraType": 0,
                "distortionCoeff": [
                    0.7395555377006531,
                    0.06978083401918411,
                    5.2417031838558614e-05,
                    -4.857990279560909e-05,
                    6.599260814255103e-05,
                    1.176703929901123,
                    0.27838772535324097,
                    0.005927365273237228,
                    0.0,
                    0.0,
                    0.0,
                    0.0,
                    0.0,
                    0.0
                ],
                "extrinsics": {
                    "rotationMatrix": [
                        [
                            0.999972939491272,
                            0.003357339184731245,
                            -0.006542184855788946
                        ],
                        [
                            -0.0032381389755755663,
                            0.9998300671577454,
                            0.018146444112062454
                        ],
                        [
                            0.006601997185498476,
                            -0.018124768510460854,
                            0.9998139142990112
                        ]
                    ],
                    "specTranslation": {
                        "x": 7.454999923706055,
                        "y": -0.0,
                        "z": -0.0
                    },
                    "toCameraSocket": 1,
                    "translation": {
                        "x": 7.4408674240112305,
                        "y": -0.0017839090432971716,
                        "z": 0.03962046653032303
                    }
                },
                "height": 1200,
                "intrinsicMatrix": [
                    [
                        981.017333984375,
                        0.0,
                        972.1442260742188
                    ],
                    [
                        0.0,
                        982.1495971679688,
                        578.2183227539063
                    ],
                    [
                        0.0,
                        0.0,
                        1.0
                    ]
                ],
                "lensPosition": 0,
                "specHfovDeg": 140.0,
                "width": 1920
            }
        ],
        [
            1,
            {
                "cameraType": 0,
                "distortionCoeff": [
                    4.992897987365723,
                    1.9677377939224243,
                    7.429526885971427e-05,
                    4.7963734687073156e-05,
                    0.06378581374883652,
                    5.443940162658691,
                    3.9955620765686035,
                    0.4783789813518524,
                    0.0,
                    0.0,
                    0.0,
                    0.0,
                    0.0,
                    0.0
                ],
                "extrinsics": {
                    "rotationMatrix": [
                        [
                            0.9999182224273682,
                            0.007614966947585344,
                            0.010271859355270863
                        ],
                        [
                            -0.0075099775567650795,
                            0.9999195337295532,
                            -0.010221199132502079
                        ],
                        [
                            -0.010348867624998093,
                            0.010143222287297249,
                            0.9998949766159058
                        ]
                    ],
                    "specTranslation": {
                        "x": -0.0,
                        "y": 4.061999797821045,
                        "z": -0.0
                    },
                    "toCameraSocket": 0,
                    "translation": {
                        "x": 0.031139232218265533,
                        "y": 4.0449371337890625,
                        "z": 0.07251967489719391
                    }
                },
                "height": 1200,
                "intrinsicMatrix": [
                    [
                        981.2227783203125,
                        0.0,
                        945.6730346679688
                    ],
                    [
                        0.0,
                        982.1781005859375,
                        617.058837890625
                    ],
                    [
                        0.0,
                        0.0,
                        1.0
                    ]
                ],
                "lensPosition": 0,
                "specHfovDeg": 140.0,
                "width": 1920
            }
        ],
        [
            0,
            {
                "cameraType": 0,
                "distortionCoeff": [
                    1.7585912942886353,
                    0.46803590655326843,
                    0.0002144964673789218,
                    0.0002009739400818944,
                    0.010959254577755928,
                    2.197396993637085,
                    1.110427737236023,
                    0.09432095289230347,
                    0.0,
                    0.0,
                    0.0,
                    0.0,
                    0.0,
                    0.0
                ],
                "extrinsics": {
                    "rotationMatrix": [
                        [
                            0.0,
                            0.0,
                            0.0
                        ],
                        [
                            0.0,
                            0.0,
                            0.0
                        ],
                        [
                            0.0,
                            0.0,
                            0.0
                        ]
                    ],
                    "specTranslation": {
                        "x": 0.0,
                        "y": 0.0,
                        "z": 0.0
                    },
                    "toCameraSocket": -1,
                    "translation": {
                        "x": 0.0,
                        "y": 0.0,
                        "z": 0.0
                    }
                },
                "height": 1200,
                "intrinsicMatrix": [
                    [
                        980.5469360351563,
                        0.0,
                        1013.3884887695313
                    ],
                    [
                        0.0,
                        981.9675903320313,
                        601.14697265625
                    ],
                    [
                        0.0,
                        0.0,
                        1.0
                    ]
                ],
                "lensPosition": 0,
                "specHfovDeg": 140.0,
                "width": 1920
            }
        ]
    ],
    "hardwareConf": "F0-FV00-BC001",
    "imuExtrinsics": {
        "rotationMatrix": [
            [
                0.0,
                0.0,
                0.0
            ],
            [
                0.0,
                0.0,
                0.0
            ],
            [
                0.0,
                0.0,
                0.0
            ]
        ],
        "specTranslation": {
            "x": 0.0,
            "y": 0.0,
            "z": 0.0
        },
        "toCameraSocket": -1,
        "translation": {
            "x": 0.0,
            "y": 0.0,
            "z": 0.0
        }
    },
    "miscellaneousData": [],
    "productName": "OAK-FFC-4P",
    "stereoRectificationData": {
        "leftCameraSocket": 1,